"Faixa Etária";"Casos de AIDS em 2014"
"< 5 anos";0.2119498649
"5 a 9 anos";0.0772625123
"10 a 14 anos";0.0647334563
"15 a 19 anos";0.3737835057
"20 a 24 anos";1.1004687569
"25 a 29 anos";1.7415387917
"30 a 34 anos";2.1988493378
"35 a 39 anos";2.1341158815
"40 a 44 anos";1.8897992884
"45 a 49 anos";1.573440623
"50 a 54 anos";1.573440623
"55 a 59 anos";0.8404908437
"60 e mais";0.8081241156
